activation,algorithm,batchSize,criterion,feature_0,feature_1,feature_10,feature_11,feature_12,feature_13,feature_14,feature_15,feature_16,feature_17,feature_18,feature_19,feature_2,feature_20,feature_21,feature_22,feature_23,feature_24,feature_25,feature_26,feature_27,feature_28,feature_29,feature_3,feature_30,feature_31,feature_32,feature_33,feature_34,feature_35,feature_36,feature_37,feature_38,feature_39,feature_4,feature_40,feature_41,feature_42,feature_43,feature_44,feature_45,feature_46,feature_47,feature_48,feature_49,feature_5,feature_50,feature_51,feature_52,feature_53,feature_54,feature_55,feature_56,feature_57,feature_58,feature_59,feature_6,feature_60,feature_61,feature_62,feature_63,feature_7,feature_8,feature_9,leaf_size,lr,max_depth,max_features,min_samples_leaf,min_samples_split,model,nLayers,n_neighbors,optimizer,weights,loss
logistic,kd_tree,19,entropy,0,1,0,1,1,1,0,0,1,1,0,1,0,1,0,0,1,1,1,1,1,0,1,1,1,1,1,1,1,0,0,0,0,0,1,0,0,1,0,0,1,0,1,0,1,1,0,0,0,1,0,0,1,0,1,1,1,0,0,1,1,0,1,0,2,adaptive,16,log2,15,29,kneighborsClassifier,6,10,lbfgs,distance,0.99644128113879
relu,ball_tree,31,gini,1,1,0,0,1,0,1,1,0,1,0,0,0,0,1,1,0,1,1,1,1,1,0,0,1,0,1,1,1,0,0,1,0,1,1,1,0,1,1,1,0,0,1,0,0,1,1,1,1,0,1,0,1,1,0,0,1,0,0,0,1,0,1,1,27,adaptive,9,sqrt,6,27,nnClassifier,10,2,sgd,uniform,0.8202846975088968
tanh,auto,31,gini,1,0,1,0,0,0,0,0,1,1,1,1,1,1,0,1,0,1,0,1,1,0,1,0,1,1,1,1,1,0,1,1,1,0,1,0,0,0,1,0,1,0,1,0,1,0,0,0,1,0,0,1,0,0,0,0,1,1,1,1,0,0,0,0,26,adaptive,69,auto,12,36,nnClassifier,10,5,sgd,uniform,0.8202846975088968
tanh,brute,18,entropy,0,0,0,1,0,0,1,0,1,1,1,0,1,0,1,0,1,1,0,0,1,1,0,1,1,0,0,1,0,0,0,0,0,1,0,0,1,1,1,0,0,0,0,0,0,0,0,1,0,0,1,0,1,1,0,1,1,1,0,1,1,1,0,1,36,adaptive,2,log2,5,12,kneighborsClassifier,6,10,adam,distance,0.9697508896797153
tanh,ball_tree,9,entropy,0,1,1,1,0,0,0,0,0,0,1,1,0,1,1,1,0,1,0,1,1,0,1,1,0,1,0,0,1,0,0,1,0,1,1,1,0,1,0,1,1,1,1,1,1,1,0,0,1,0,0,1,1,1,0,0,1,1,0,0,0,0,0,0,12,adaptive,83,log2,4,26,nnClassifier,9,10,lbfgs,distance,0.8291814946619217
identity,kd_tree,27,entropy,0,0,0,1,0,0,0,1,0,0,1,0,0,1,0,1,1,0,1,1,0,1,1,0,0,0,1,0,1,1,0,1,1,1,1,1,0,0,0,1,1,0,1,0,0,0,1,0,1,1,0,0,0,0,0,1,0,0,1,0,0,1,0,0,16,adaptive,20,log2,14,5,kneighborsClassifier,9,2,sgd,distance,0.9804270462633452
identity,brute,22,gini,0,1,1,1,1,0,1,0,1,1,0,1,0,0,1,0,1,1,0,0,1,1,0,0,0,1,1,1,1,1,1,1,0,0,1,0,0,0,0,0,0,0,1,0,0,1,1,1,0,0,1,0,1,0,1,1,1,0,1,0,1,1,1,0,9,adaptive,44,log2,3,36,kneighborsClassifier,2,4,lbfgs,uniform,0.9893238434163701
identity,ball_tree,26,gini,0,0,1,0,0,0,1,0,0,1,1,0,1,1,1,1,1,0,1,0,1,0,0,1,0,1,0,1,0,1,1,0,1,0,0,1,0,0,1,0,0,1,0,1,0,0,0,1,1,0,1,1,0,1,1,1,1,0,0,0,1,1,1,0,20,adaptive,58,auto,19,26,kneighborsClassifier,2,9,adam,uniform,0.9875444839857651
identity,ball_tree,18,entropy,1,0,1,0,0,0,1,1,1,1,1,1,1,1,0,1,1,0,1,0,1,1,0,1,1,0,0,0,1,1,1,1,0,0,0,1,1,1,1,0,0,0,1,0,1,0,0,0,0,0,0,0,1,1,0,0,0,0,1,1,0,0,1,1,3,adaptive,54,auto,19,2,kneighborsClassifier,9,7,adam,uniform,0.9875444839857651
logistic,ball_tree,22,entropy,0,0,1,0,1,1,1,1,0,0,1,0,1,0,1,1,1,0,1,1,1,1,0,1,1,0,0,1,1,1,0,0,1,1,0,1,1,1,1,1,1,0,0,1,1,1,0,0,0,1,0,0,0,1,1,1,1,0,0,1,0,1,1,0,6,adaptive,59,auto,19,32,kneighborsClassifier,3,7,adam,distance,0.9928825622775801
relu,ball_tree,30,entropy,0,1,1,0,1,1,0,1,1,1,0,1,1,1,0,0,1,0,0,1,1,1,0,1,0,1,1,0,0,1,0,0,1,1,0,0,0,1,0,0,0,1,1,0,1,0,0,1,1,0,1,1,1,0,0,0,0,1,0,0,0,0,1,0,15,adaptive,57,sqrt,18,19,nnClassifier,6,2,lbfgs,uniform,0.8220640569395018
logistic,ball_tree,20,gini,1,0,1,1,1,1,0,0,1,0,1,1,1,1,1,0,1,1,0,1,1,0,1,0,0,0,0,0,0,0,0,1,1,0,0,0,0,0,0,0,0,1,0,1,0,1,0,1,1,0,1,1,1,1,0,0,1,1,1,0,0,0,1,0,38,constant,44,auto,3,22,nnClassifier,3,2,sgd,distance,0.8256227758007118
identity,brute,17,entropy,1,0,0,1,1,1,0,0,1,0,1,0,0,0,0,1,0,0,0,0,0,1,1,0,0,0,1,1,0,0,1,1,1,0,0,0,1,0,1,1,1,1,1,1,1,0,1,1,1,0,1,1,0,1,1,1,1,0,1,0,0,0,0,1,17,constant,50,auto,3,4,nnClassifier,3,4,lbfgs,distance,0.8256227758007118
logistic,brute,25,gini,0,1,1,0,1,0,0,1,1,1,1,1,0,0,0,0,0,0,0,0,0,0,0,1,1,1,1,0,1,1,1,0,1,1,0,0,1,0,1,1,0,1,1,1,0,0,0,1,1,0,0,1,0,0,1,0,0,1,0,0,1,0,1,0,25,invscaling,14,auto,18,28,nnClassifier,7,9,lbfgs,uniform,0.8238434163701067
logistic,ball_tree,21,entropy,0,1,0,1,1,1,1,0,0,1,0,0,1,1,1,0,1,1,0,0,1,1,0,0,0,0,1,0,0,0,1,0,1,1,0,0,1,1,0,1,0,0,0,0,1,0,1,1,0,1,0,0,0,0,1,1,0,0,0,0,0,0,0,1,4,invscaling,88,auto,3,9,kneighborsClassifier,7,4,lbfgs,uniform,0.9733096085409253
identity,kd_tree,26,gini,0,1,0,0,1,0,0,1,0,0,1,1,1,1,0,0,0,0,1,0,0,0,0,1,1,0,0,0,0,1,0,0,1,1,0,0,1,0,1,0,1,1,1,1,1,1,1,1,1,1,0,1,0,0,1,0,0,0,1,0,1,0,1,1,32,constant,29,log2,4,20,randomForestClassifier,8,7,sgd,uniform,0.9786476868327402
identity,ball_tree,27,gini,1,1,1,1,0,1,0,0,1,1,1,0,1,0,0,1,1,1,1,1,0,1,1,0,0,0,1,1,0,1,1,0,0,0,1,0,0,0,0,1,1,1,0,1,1,0,1,0,1,1,0,1,1,1,0,0,1,0,0,0,1,0,1,0,29,adaptive,20,auto,19,16,kneighborsClassifier,4,5,adam,distance,0.994661921708185
tanh,auto,24,entropy,1,0,0,1,0,1,0,1,0,1,1,0,1,1,0,0,1,1,0,1,0,0,0,0,0,0,0,1,1,1,0,0,1,1,1,1,1,0,0,1,1,1,0,0,1,1,0,1,0,1,1,1,1,0,1,0,1,1,1,0,1,0,1,1,12,constant,62,sqrt,4,17,randomForestClassifier,7,9,sgd,uniform,0.9715302491103203
relu,kd_tree,29,entropy,1,0,0,0,1,0,1,0,0,0,0,0,1,0,0,1,0,0,1,0,0,1,0,0,0,1,0,0,1,1,0,0,0,0,1,0,1,1,0,1,0,1,0,0,0,0,0,0,0,1,0,1,1,1,0,0,1,1,0,1,0,0,0,0,9,adaptive,18,auto,18,8,randomForestClassifier,8,10,adam,uniform,0.9733096085409253
logistic,kd_tree,32,entropy,1,1,1,0,0,0,0,1,1,1,0,0,1,0,0,0,0,0,0,1,1,1,0,0,0,1,1,0,1,0,0,0,1,0,1,1,1,0,0,1,1,0,1,1,0,0,0,1,1,0,0,0,0,1,1,0,0,0,1,1,1,0,0,1,17,invscaling,66,log2,11,14,nnClassifier,10,7,lbfgs,uniform,0.8202846975088968
identity,auto,23,gini,1,0,0,1,1,1,1,0,1,0,0,1,0,0,1,0,0,0,1,1,1,1,1,1,1,0,1,1,0,0,0,1,1,1,0,0,0,0,0,0,0,0,0,1,1,0,0,0,1,1,0,0,0,0,1,1,0,0,0,1,1,1,0,0,24,adaptive,28,auto,14,22,nnClassifier,5,2,sgd,distance,0.8274021352313167
relu,kd_tree,18,entropy,1,1,1,1,0,1,0,0,0,1,1,0,1,0,1,1,0,1,1,1,1,0,1,0,1,0,0,0,1,1,0,0,0,0,1,0,0,1,0,0,1,1,0,1,1,1,1,1,1,0,0,1,1,1,0,1,1,1,0,1,0,1,0,1,18,constant,44,auto,9,28,nnClassifier,4,10,adam,uniform,0.8220640569395018
tanh,auto,11,entropy,0,1,0,1,0,1,0,1,1,0,1,0,0,0,1,0,0,0,1,1,0,0,1,1,0,0,1,1,1,0,1,1,1,0,0,0,1,0,1,0,1,0,1,1,0,0,1,0,1,0,1,1,1,1,1,1,1,0,1,0,0,0,0,0,15,adaptive,35,log2,18,21,nnClassifier,5,6,lbfgs,uniform,0.8220640569395018
logistic,kd_tree,23,gini,0,1,1,0,0,0,0,0,0,0,1,1,1,0,1,0,0,0,1,1,1,0,1,1,0,1,0,1,1,0,0,0,0,0,0,0,1,1,1,0,0,1,0,0,1,0,0,1,0,1,1,0,0,0,1,1,0,0,1,1,0,1,1,0,5,adaptive,27,auto,3,10,nnClassifier,7,2,sgd,uniform,0.8274021352313167
identity,auto,32,gini,1,0,1,1,0,0,1,0,0,1,1,0,1,0,0,0,0,1,1,1,1,1,0,0,0,0,0,1,1,1,0,0,0,1,1,0,0,0,1,0,0,0,1,0,1,1,1,1,0,1,0,0,0,1,1,0,0,0,0,1,0,0,0,1,8,adaptive,18,sqrt,9,29,kneighborsClassifier,5,9,sgd,distance,0.9857651245551602
identity,auto,32,gini,0,0,0,0,1,0,0,0,0,1,1,1,1,1,1,1,1,0,1,0,1,1,0,1,1,1,1,1,0,0,1,0,1,1,1,1,1,0,0,1,0,1,0,1,0,0,0,0,0,1,0,0,1,1,0,1,0,1,0,1,1,1,1,1,28,adaptive,24,auto,9,10,nnClassifier,7,5,lbfgs,uniform,0.8220640569395018
relu,brute,14,entropy,0,1,1,1,0,0,1,0,1,0,1,1,0,1,0,1,0,0,0,0,1,1,0,0,1,1,1,1,0,1,0,1,1,1,1,0,0,1,1,1,1,0,0,1,0,1,0,1,1,1,0,1,0,1,0,1,0,1,1,0,0,0,1,1,3,invscaling,57,sqrt,6,25,nnClassifier,7,2,sgd,distance,0.8291814946619217
relu,brute,19,entropy,1,0,1,1,0,1,1,0,1,1,0,0,1,1,1,0,1,0,0,0,1,1,1,1,0,1,1,0,0,1,0,1,1,0,0,1,0,1,1,1,0,0,1,1,1,0,0,0,0,1,0,1,1,0,1,0,1,0,1,1,0,0,1,0,14,constant,30,log2,14,12,kneighborsClassifier,3,1,adam,distance,0.9839857651245552
tanh,kd_tree,15,gini,0,0,0,0,1,0,0,1,0,0,0,0,1,0,1,1,1,0,1,1,1,1,1,0,1,1,1,0,0,0,0,0,0,1,0,1,1,1,0,0,1,0,0,1,1,0,1,1,1,0,1,1,0,0,1,1,0,0,0,1,0,1,1,0,18,adaptive,29,auto,5,16,nnClassifier,4,2,sgd,distance,0.8167259786476868
logistic,ball_tree,32,gini,0,0,0,1,0,0,1,1,1,0,1,0,0,1,0,1,1,1,0,1,0,0,1,1,0,1,0,0,1,1,0,1,1,1,0,0,1,0,1,1,0,1,0,1,0,0,1,1,1,0,1,1,1,0,1,1,1,0,1,0,1,1,0,0,5,constant,29,auto,13,37,nnClassifier,8,1,sgd,distance,0.8185053380782918
tanh,brute,9,entropy,1,0,0,0,0,1,1,0,0,0,1,1,1,1,0,0,1,1,0,1,1,0,1,0,1,0,0,0,1,1,1,0,0,0,1,1,0,0,0,0,0,0,1,0,1,0,1,1,0,0,0,0,0,0,1,1,0,0,0,0,0,0,0,1,13,constant,95,auto,19,10,kneighborsClassifier,7,6,adam,uniform,0.9804270462633452
logistic,brute,32,gini,1,0,1,0,0,1,1,1,0,0,1,0,1,0,0,1,1,1,1,1,0,1,0,0,1,0,1,0,0,0,1,1,0,0,1,1,1,1,0,0,0,0,0,1,0,0,0,0,1,0,1,0,0,0,0,0,1,1,0,1,0,1,1,1,19,adaptive,9,sqrt,11,32,nnClassifier,2,9,adam,uniform,0.8185053380782918
tanh,kd_tree,26,gini,1,1,0,0,0,0,1,1,0,1,1,0,1,0,0,1,1,0,0,1,1,1,1,1,1,1,1,0,1,0,0,0,0,1,0,1,1,1,1,1,0,0,0,1,0,1,0,1,1,1,1,1,0,0,0,0,1,1,1,1,1,1,0,1,16,invscaling,95,log2,20,3,nnClassifier,9,5,adam,uniform,0.8202846975088968
relu,kd_tree,8,gini,1,0,0,1,0,0,1,1,0,1,0,1,0,0,0,1,1,1,0,0,0,1,1,1,1,0,0,0,1,1,0,0,0,0,1,0,1,1,1,1,1,0,0,1,1,0,0,0,0,0,0,1,0,0,1,0,1,1,1,0,0,0,1,1,33,adaptive,27,auto,2,17,randomForestClassifier,2,1,adam,distance,0.9661921708185054
logistic,auto,29,entropy,1,0,0,0,1,0,1,1,0,1,1,0,0,0,1,1,0,0,0,0,1,0,1,0,1,0,0,0,0,0,1,1,0,1,0,1,1,0,1,0,0,1,0,0,1,1,0,1,0,1,0,0,1,0,0,0,0,1,1,0,0,1,1,1,5,constant,3,sqrt,9,11,randomForestClassifier,9,3,lbfgs,uniform,0.8932384341637011
logistic,kd_tree,13,entropy,0,1,1,0,1,1,0,1,1,1,1,0,1,1,0,0,0,0,1,1,0,0,0,0,0,1,1,0,1,1,1,1,0,1,0,0,0,1,1,1,1,0,0,1,1,1,0,1,1,1,1,0,0,1,1,1,0,0,0,0,1,1,0,0,34,adaptive,93,auto,8,29,nnClassifier,8,9,sgd,uniform,0.8220640569395018
tanh,kd_tree,13,gini,1,1,0,1,1,0,0,1,1,1,1,1,1,1,1,0,0,1,0,1,0,0,1,0,1,0,0,1,1,1,1,0,0,0,0,1,1,0,0,0,0,0,0,1,0,1,1,0,1,1,1,1,0,1,1,1,1,1,1,0,0,1,1,1,39,invscaling,55,log2,15,29,randomForestClassifier,10,3,adam,distance,0.9644128113879004
relu,auto,14,gini,0,0,0,0,1,0,1,0,1,1,1,0,0,1,1,0,1,0,1,0,1,1,0,1,1,1,1,0,0,1,1,0,1,1,0,0,1,1,1,1,1,0,0,1,1,1,1,0,1,0,0,0,1,1,0,0,1,1,1,1,0,0,0,0,13,adaptive,82,log2,5,38,randomForestClassifier,3,3,sgd,distance,0.9822064056939501
identity,brute,10,entropy,0,0,0,0,1,0,1,1,0,0,1,0,0,1,0,1,0,0,0,1,1,1,1,0,0,1,1,0,0,1,0,0,1,1,0,1,1,0,1,0,0,0,1,0,1,0,0,0,0,1,0,1,1,1,1,0,1,0,0,0,1,1,1,0,5,adaptive,64,log2,14,34,nnClassifier,2,5,sgd,uniform,0.8274021352313167
tanh,brute,10,entropy,0,0,1,0,0,1,1,0,0,1,0,1,1,1,1,1,1,1,1,1,0,0,0,1,0,1,1,1,0,1,1,0,0,1,0,0,1,1,0,0,0,0,0,1,1,1,1,1,1,0,1,0,1,1,1,1,1,0,0,0,1,0,1,1,16,invscaling,94,auto,19,27,nnClassifier,4,3,lbfgs,distance,0.8202846975088968
logistic,auto,27,gini,0,1,1,1,0,0,1,1,1,0,1,1,0,1,1,0,0,0,1,0,1,0,0,0,0,1,1,0,1,0,0,1,1,0,0,0,0,1,0,1,1,0,1,0,0,0,1,0,0,1,0,1,1,1,1,1,1,0,0,1,1,1,0,1,3,constant,92,auto,12,7,randomForestClassifier,5,4,lbfgs,uniform,0.9733096085409253
tanh,auto,18,gini,0,0,1,0,1,1,0,1,0,1,1,1,1,0,1,0,1,1,0,0,0,0,1,1,1,1,0,0,1,0,1,1,1,1,0,0,1,0,0,1,1,0,1,0,1,0,0,1,1,1,1,1,1,0,0,1,0,1,0,0,0,0,0,1,28,invscaling,78,sqrt,20,25,kneighborsClassifier,4,4,adam,uniform,0.9750889679715302
identity,brute,21,entropy,0,0,1,1,1,1,0,0,0,0,0,0,0,1,0,0,0,0,0,1,0,1,1,0,1,0,0,0,1,1,0,0,1,1,1,1,1,1,1,1,0,1,1,0,1,1,0,1,1,0,1,1,1,0,1,0,1,0,0,1,1,1,0,0,31,constant,18,sqrt,4,19,kneighborsClassifier,5,5,lbfgs,uniform,0.9875444839857651
relu,brute,21,gini,1,0,1,0,1,0,1,0,1,1,1,1,1,0,0,0,1,0,0,1,0,1,1,1,1,1,0,0,0,0,1,0,0,0,0,0,0,1,0,0,1,1,0,0,1,1,0,0,0,1,1,1,0,0,1,0,1,1,0,1,0,0,1,1,35,invscaling,35,log2,4,8,nnClassifier,8,9,adam,uniform,0.8238434163701067
logistic,kd_tree,23,gini,1,1,1,1,0,0,0,1,0,1,0,1,1,0,1,1,1,0,1,1,0,0,1,0,0,1,1,0,0,1,0,1,0,0,1,1,0,0,1,1,0,0,1,1,0,0,0,0,0,0,0,0,1,0,1,0,0,1,1,0,0,1,0,0,37,adaptive,46,sqrt,8,30,kneighborsClassifier,6,7,adam,distance,0.994661921708185
identity,auto,27,entropy,1,1,0,1,1,1,1,0,1,0,1,0,0,1,1,1,1,0,1,1,0,0,1,1,1,0,1,1,0,0,0,1,0,1,0,0,1,1,0,0,1,1,1,1,0,1,0,0,1,1,0,1,1,0,0,1,1,1,0,0,0,0,0,1,25,invscaling,25,log2,6,16,kneighborsClassifier,9,5,adam,distance,0.998220640569395
identity,kd_tree,29,gini,0,1,0,1,1,1,0,0,1,0,0,1,1,0,1,0,1,1,1,0,0,0,0,1,1,0,1,0,0,0,1,1,0,1,1,1,1,0,1,0,1,0,1,1,0,0,1,0,1,1,1,0,0,0,1,1,1,1,0,0,0,0,1,1,22,invscaling,36,sqrt,9,18,nnClassifier,2,6,adam,uniform,0.8185053380782918
identity,brute,23,gini,1,1,0,1,1,0,0,1,1,0,1,0,1,1,1,1,0,1,1,0,0,0,0,1,1,0,1,0,0,0,1,0,1,0,1,1,1,0,1,1,0,0,0,1,0,0,1,1,1,0,0,1,0,1,1,0,0,1,1,0,0,0,0,0,39,adaptive,37,log2,15,12,kneighborsClassifier,6,6,adam,distance,0.998220640569395
identity,brute,24,entropy,0,0,1,1,1,0,1,0,1,1,0,1,1,1,0,0,0,0,0,1,0,1,1,0,1,0,1,1,1,0,0,0,1,0,0,1,1,1,1,1,1,0,1,1,0,0,1,1,0,1,0,1,0,1,1,0,0,0,1,1,1,0,0,1,17,constant,4,log2,7,34,nnClassifier,3,5,lbfgs,uniform,0.8274021352313167
identity,brute,11,entropy,0,0,0,1,1,1,0,0,0,0,0,1,0,1,1,0,0,0,1,1,1,0,1,0,1,0,1,0,1,1,0,0,0,1,1,0,0,1,1,1,0,0,1,0,0,1,0,1,0,0,0,1,1,1,1,0,1,1,0,0,0,0,0,0,39,constant,96,sqrt,12,19,nnClassifier,6,9,lbfgs,distance,0.8256227758007118
logistic,brute,9,gini,0,0,1,0,1,0,1,1,0,1,0,0,1,0,1,1,1,0,0,1,1,1,1,1,1,1,0,1,1,1,0,1,0,1,0,1,0,1,1,0,1,0,0,1,1,1,1,1,1,0,1,1,1,0,1,0,1,0,1,0,0,0,1,0,23,adaptive,72,log2,7,15,nnClassifier,3,3,adam,uniform,0.8167259786476868
identity,auto,25,entropy,0,0,1,1,0,1,0,1,1,1,0,0,1,0,0,0,0,1,1,0,1,0,1,0,1,1,0,0,0,0,1,0,0,0,0,1,0,0,1,1,1,0,0,1,0,0,1,1,0,0,0,0,1,1,0,0,0,0,0,0,0,0,1,0,21,constant,78,auto,5,26,kneighborsClassifier,10,3,adam,distance,0.9839857651245552
identity,ball_tree,14,gini,1,0,0,1,1,1,0,0,1,0,1,1,0,1,1,0,1,1,0,0,1,1,0,0,0,0,1,1,1,0,0,1,1,0,1,0,0,0,0,0,0,0,0,1,0,1,1,0,1,1,0,1,1,0,0,1,0,1,1,0,0,1,0,1,16,adaptive,94,log2,9,18,randomForestClassifier,8,8,sgd,uniform,0.9679715302491103
identity,brute,26,gini,1,0,1,1,0,0,1,0,1,0,1,0,0,0,1,1,1,0,1,1,1,1,0,1,0,0,0,0,0,1,1,1,0,1,0,0,0,1,1,1,0,0,1,0,1,0,1,0,1,1,0,1,0,1,0,0,1,1,1,1,1,1,1,1,37,adaptive,72,auto,18,38,randomForestClassifier,1,2,adam,distance,0.9697508896797153
identity,auto,30,entropy,0,1,0,0,0,1,0,1,1,1,0,1,1,1,0,0,0,1,0,0,1,0,0,0,0,0,1,1,1,0,0,1,0,0,0,0,1,0,1,0,0,0,0,0,0,0,1,0,0,1,0,0,1,1,1,0,0,1,1,1,1,0,1,0,12,constant,71,log2,8,35,kneighborsClassifier,6,8,sgd,uniform,0.9768683274021353
relu,kd_tree,17,entropy,1,0,1,0,1,0,1,1,1,0,1,0,1,0,1,0,1,0,0,1,1,1,0,0,1,0,1,1,1,1,1,1,0,0,1,1,0,1,0,1,1,0,1,1,1,0,1,1,1,0,1,0,0,1,1,0,0,1,0,1,1,1,1,0,8,adaptive,25,sqrt,19,29,randomForestClassifier,7,9,lbfgs,uniform,0.9750889679715302
relu,kd_tree,23,entropy,0,0,1,1,1,0,0,0,0,0,0,1,1,1,1,0,1,1,1,1,1,0,0,0,0,0,0,0,0,0,0,1,0,1,0,1,0,0,0,0,0,0,1,0,1,1,1,0,1,1,0,1,1,1,0,0,1,0,1,1,0,1,1,1,23,constant,6,auto,5,4,kneighborsClassifier,5,4,lbfgs,distance,0.9857651245551602
tanh,brute,11,entropy,0,1,0,0,1,0,0,1,1,0,0,1,1,0,1,0,0,0,0,1,0,0,0,0,1,0,1,1,1,0,0,0,1,1,1,0,0,1,0,0,0,1,0,0,1,1,0,0,0,0,0,0,0,1,1,1,1,0,0,0,0,1,1,1,32,invscaling,83,auto,19,23,nnClassifier,8,3,adam,uniform,0.8113879003558719
logistic,auto,21,gini,1,0,0,0,0,1,1,0,1,1,1,0,0,1,1,1,1,0,1,1,0,0,1,1,0,0,0,1,0,0,1,0,1,0,0,0,1,1,1,0,1,1,1,0,1,0,1,0,0,0,1,0,0,0,1,1,1,1,0,0,0,0,1,1,18,adaptive,38,sqrt,20,40,nnClassifier,5,7,lbfgs,uniform,0.8238434163701067
identity,brute,17,gini,1,1,0,1,0,0,0,0,0,0,0,1,1,1,0,1,1,0,1,1,0,1,1,0,0,1,1,1,0,0,0,1,1,1,1,1,0,0,1,1,1,1,1,1,0,0,1,0,1,0,0,1,0,1,1,1,1,0,1,1,1,0,0,1,16,constant,42,sqrt,16,2,randomForestClassifier,10,5,sgd,distance,0.9786476868327402
tanh,kd_tree,17,gini,0,0,1,1,1,1,0,0,0,1,0,1,1,1,0,1,1,1,0,0,0,0,0,0,0,0,1,1,1,1,1,0,1,0,1,0,0,1,0,0,1,1,0,1,1,1,0,1,0,0,1,1,0,1,1,1,1,1,1,0,0,1,1,1,28,adaptive,74,sqrt,4,22,nnClassifier,6,7,lbfgs,uniform,0.8220640569395018
relu,brute,16,entropy,1,1,0,0,0,1,0,0,0,1,1,0,0,0,1,1,1,0,0,1,0,0,1,0,0,0,0,0,0,0,0,0,1,1,1,1,0,1,0,1,0,1,0,1,0,1,1,0,1,1,0,1,0,1,0,0,1,1,1,1,0,1,1,0,30,constant,56,log2,4,4,randomForestClassifier,5,10,lbfgs,distance,0.9644128113879004
tanh,kd_tree,20,gini,1,0,1,1,1,0,1,1,0,1,0,1,1,0,1,0,1,0,0,1,0,0,1,1,1,1,1,0,1,1,0,1,1,1,0,0,0,1,0,0,1,1,1,1,1,1,0,1,1,1,0,0,0,1,1,1,0,1,1,0,0,0,1,1,28,adaptive,38,auto,20,5,randomForestClassifier,10,5,adam,uniform,0.9697508896797153
identity,brute,18,gini,0,1,0,0,1,0,1,0,0,1,1,0,0,0,1,0,1,1,1,0,1,0,1,0,1,0,0,1,1,0,1,1,0,1,0,1,1,1,0,0,1,1,1,1,0,0,1,1,0,1,1,0,0,0,1,0,1,1,0,0,1,1,0,0,14,adaptive,25,sqrt,11,4,kneighborsClassifier,4,7,sgd,uniform,0.9893238434163701
identity,auto,31,gini,1,0,0,0,1,1,0,0,0,1,1,0,0,1,1,1,1,1,0,1,0,0,0,0,0,0,1,1,0,1,0,0,1,1,0,0,1,1,1,1,1,1,0,0,0,0,0,1,1,0,1,1,0,1,1,0,0,1,0,1,1,0,1,0,34,adaptive,89,log2,15,35,kneighborsClassifier,1,4,adam,distance,0.9893238434163701
logistic,ball_tree,8,entropy,1,1,1,0,1,1,1,1,0,1,0,0,1,1,0,1,0,1,0,1,0,0,1,0,0,0,1,0,1,0,0,1,0,1,0,0,1,0,0,0,1,1,0,1,1,0,1,1,0,1,1,0,1,0,1,1,0,1,0,1,1,1,0,0,38,adaptive,10,sqrt,15,4,randomForestClassifier,1,8,sgd,uniform,0.9750889679715302
tanh,kd_tree,22,gini,1,1,1,1,1,1,0,1,1,1,0,0,1,0,0,0,1,0,0,1,0,1,0,0,0,0,1,1,1,1,1,1,1,0,1,1,0,1,0,1,1,0,0,1,1,1,0,0,1,1,0,1,0,1,1,0,1,0,0,1,0,1,0,0,13,invscaling,51,sqrt,5,23,kneighborsClassifier,2,9,adam,uniform,0.9911032028469751
logistic,ball_tree,12,gini,0,0,0,1,0,0,1,0,1,0,0,1,0,0,1,0,1,0,0,1,1,1,0,1,1,0,0,1,1,0,0,0,0,1,1,1,1,0,0,1,0,0,1,0,1,0,1,1,0,1,0,1,1,1,0,0,1,0,0,1,1,0,0,0,34,invscaling,25,auto,17,13,randomForestClassifier,9,5,lbfgs,uniform,0.9590747330960854
logistic,kd_tree,14,gini,0,0,0,1,1,1,1,0,1,1,1,1,1,0,1,0,0,1,0,0,0,1,0,1,1,0,1,0,0,1,0,1,1,0,0,0,1,0,1,1,0,0,0,0,0,1,1,0,1,1,1,0,0,0,0,0,0,1,1,0,0,0,1,1,33,adaptive,31,log2,6,23,randomForestClassifier,10,4,adam,uniform,0.9644128113879004
tanh,brute,13,gini,0,0,1,0,1,1,0,0,1,1,1,1,0,0,0,1,1,0,1,1,0,1,0,0,1,0,1,1,0,0,0,0,1,0,0,1,1,0,1,1,0,1,0,0,1,0,1,1,0,0,0,0,0,0,0,0,0,0,0,1,0,1,1,0,17,constant,43,log2,4,25,kneighborsClassifier,7,9,sgd,uniform,0.9893238434163701
identity,auto,9,entropy,1,1,1,0,0,0,0,0,1,0,0,1,1,1,1,0,1,0,0,0,1,1,1,1,0,1,1,0,1,0,0,1,1,1,0,1,1,1,1,1,0,0,1,0,0,1,1,0,1,0,0,0,0,0,0,0,0,0,0,0,0,1,1,0,6,invscaling,39,log2,11,18,kneighborsClassifier,4,6,lbfgs,distance,0.9911032028469751
logistic,brute,23,gini,1,1,1,0,1,1,0,0,0,0,0,1,1,1,0,0,1,1,0,1,1,0,1,1,1,0,1,1,1,1,0,1,0,1,1,1,0,0,1,1,0,0,0,1,1,1,0,0,1,0,1,1,1,1,1,1,1,1,1,0,0,1,1,1,35,adaptive,21,log2,5,5,kneighborsClassifier,3,7,lbfgs,uniform,0.994661921708185
relu,auto,21,entropy,1,0,0,1,0,1,0,1,1,1,1,1,0,0,1,0,1,0,0,0,1,0,0,0,1,1,0,0,1,0,0,1,1,1,1,1,1,1,0,1,1,0,1,0,1,0,1,0,1,1,0,0,1,0,0,1,0,0,1,1,0,1,1,1,22,adaptive,94,auto,14,5,randomForestClassifier,4,5,adam,uniform,0.9626334519572953
tanh,brute,19,entropy,1,0,0,0,1,0,1,1,0,0,0,1,0,0,1,0,0,1,1,1,1,0,0,1,0,1,0,1,0,1,0,1,0,1,1,0,0,1,0,1,0,0,0,1,0,1,1,1,0,0,1,0,1,0,0,1,0,0,1,0,1,1,0,1,28,constant,3,log2,7,25,nnClassifier,8,4,adam,uniform,0.8202846975088968
relu,auto,23,entropy,0,1,0,1,1,0,0,1,1,1,1,0,0,0,0,1,0,1,0,0,0,0,0,1,1,1,1,0,1,0,0,1,0,0,0,1,1,0,1,1,0,0,1,0,1,1,0,1,1,0,0,0,1,0,1,1,0,0,1,1,1,0,0,0,13,constant,7,sqrt,6,15,kneighborsClassifier,9,9,adam,uniform,0.9857651245551602
relu,kd_tree,22,gini,0,0,0,0,0,0,0,0,0,0,1,0,0,1,1,1,1,0,0,0,0,0,0,1,1,1,1,0,0,1,0,1,1,0,1,1,1,1,0,1,1,0,0,0,0,0,1,0,0,1,0,0,0,0,0,1,0,1,0,1,1,1,0,0,38,adaptive,99,log2,2,26,randomForestClassifier,3,7,sgd,distance,0.9590747330960854
relu,brute,32,gini,1,1,1,1,0,1,1,0,1,0,0,1,0,1,1,0,0,1,0,0,1,1,0,1,0,1,0,0,1,1,0,0,1,1,0,0,1,0,1,1,0,1,1,1,0,1,0,1,1,1,1,1,0,0,1,1,0,0,0,1,1,1,1,1,13,adaptive,1,log2,16,23,nnClassifier,2,10,sgd,distance,0.8256227758007118
identity,brute,19,gini,0,0,1,1,0,1,0,0,1,1,0,1,1,1,0,0,0,0,1,1,0,0,1,1,0,0,1,1,0,0,0,1,1,0,0,1,0,1,0,1,1,0,1,0,0,0,1,1,0,1,1,0,0,1,0,0,0,1,0,1,0,0,0,0,11,adaptive,73,log2,7,32,nnClassifier,8,4,sgd,distance,0.8185053380782918
identity,brute,15,gini,0,1,1,0,0,0,0,0,1,0,0,0,1,1,1,0,1,0,1,0,1,1,0,1,1,1,1,1,0,1,0,0,0,1,1,1,0,1,1,1,0,1,0,0,1,0,1,0,0,0,0,0,1,1,1,1,1,0,0,0,0,0,0,0,9,adaptive,62,log2,7,6,nnClassifier,5,1,sgd,distance,0.8274021352313167
logistic,auto,31,gini,1,1,0,0,0,0,1,0,0,1,0,1,1,1,0,0,1,0,1,1,1,0,1,0,1,1,1,1,1,0,0,0,1,1,1,1,0,1,1,0,0,1,0,0,0,1,1,1,0,1,0,1,0,1,1,0,1,0,0,0,0,0,1,0,36,constant,25,sqrt,14,38,randomForestClassifier,4,5,adam,uniform,0.9750889679715302
identity,kd_tree,16,entropy,0,0,0,0,0,1,1,0,0,0,1,0,1,0,0,0,0,0,0,1,1,1,1,1,1,1,1,1,0,1,1,0,0,1,1,0,0,0,0,1,1,1,1,1,1,1,0,1,0,1,0,1,1,0,1,1,1,1,1,0,0,0,1,1,40,adaptive,61,log2,13,6,randomForestClassifier,8,9,sgd,distance,0.9733096085409253
tanh,kd_tree,19,gini,0,1,0,1,1,1,0,0,1,0,1,1,1,0,0,1,1,0,0,0,0,0,1,0,1,0,0,1,0,0,0,1,0,1,1,1,0,0,1,0,1,1,0,0,1,1,1,1,1,1,0,1,0,0,0,1,1,0,0,1,1,0,0,0,11,constant,43,log2,14,2,kneighborsClassifier,2,8,sgd,distance,0.9697508896797153
logistic,brute,15,entropy,0,0,1,1,1,1,0,0,0,0,0,0,0,0,1,1,1,1,1,1,1,1,1,1,1,0,1,1,0,1,0,1,1,1,1,1,1,0,0,1,1,1,1,0,1,0,0,1,0,0,1,0,0,1,0,1,0,0,1,0,0,0,1,0,40,constant,95,sqrt,15,23,randomForestClassifier,3,3,lbfgs,distance,0.9768683274021353
logistic,kd_tree,21,gini,0,1,1,1,1,0,1,1,0,1,0,1,1,1,0,0,1,0,1,0,1,0,1,0,1,1,0,0,0,1,1,0,0,1,0,1,0,1,1,0,0,0,1,1,1,0,0,0,1,0,1,0,1,1,1,1,0,1,0,0,1,0,0,1,16,adaptive,68,sqrt,14,25,kneighborsClassifier,10,5,lbfgs,uniform,0.9911032028469751
tanh,auto,12,gini,1,1,0,0,0,1,1,0,0,0,0,0,1,0,0,1,1,1,1,0,1,1,1,1,0,1,0,1,0,1,1,0,0,1,0,0,0,1,0,1,0,0,0,0,0,0,0,0,1,0,0,0,1,0,0,0,0,0,1,1,0,0,0,0,19,constant,6,log2,10,22,randomForestClassifier,8,2,adam,distance,0.9395017793594306
logistic,auto,11,entropy,0,1,1,1,1,1,1,1,0,1,1,0,1,1,1,0,1,1,0,1,1,0,1,0,0,0,1,0,1,0,1,0,1,0,0,0,1,0,0,0,0,0,0,1,0,0,0,0,1,0,0,0,0,1,0,0,0,1,1,0,0,1,1,1,17,constant,89,auto,17,35,nnClassifier,6,3,lbfgs,uniform,0.8256227758007118
identity,ball_tree,15,entropy,0,1,0,1,0,0,1,0,0,0,1,0,0,0,0,1,1,0,1,0,1,1,0,1,0,0,0,1,0,1,1,1,0,1,0,1,1,0,1,1,1,0,0,1,1,1,1,1,0,1,1,1,0,0,1,1,0,0,1,0,1,1,0,1,14,constant,88,log2,7,27,kneighborsClassifier,6,10,lbfgs,distance,0.9911032028469751
logistic,kd_tree,31,gini,0,1,1,0,1,0,0,1,0,0,1,1,0,0,0,1,0,0,0,1,0,1,1,1,0,0,1,0,0,1,0,1,0,0,1,0,1,1,1,1,0,0,1,1,1,1,1,0,0,0,1,0,0,1,0,0,1,1,1,0,1,0,0,1,24,invscaling,5,auto,4,38,kneighborsClassifier,10,7,sgd,distance,0.9928825622775801
identity,auto,11,entropy,0,1,0,1,0,1,0,0,1,1,0,0,1,0,0,1,0,0,1,1,0,0,0,1,0,1,1,0,0,0,1,0,0,0,1,1,0,1,0,1,1,1,0,0,1,1,1,0,0,1,0,0,0,1,1,0,1,1,0,1,0,0,0,0,17,invscaling,82,sqrt,8,11,kneighborsClassifier,3,10,lbfgs,uniform,0.9928825622775801
tanh,brute,30,entropy,0,1,1,0,0,0,1,0,1,1,0,1,1,0,1,0,0,0,0,0,0,1,0,0,1,1,1,1,1,0,1,1,0,0,1,1,1,1,1,1,1,0,1,0,0,0,1,1,1,0,1,1,0,0,0,0,1,1,0,0,0,1,0,1,4,invscaling,83,auto,8,27,nnClassifier,6,7,adam,distance,0.8149466192170819
logistic,brute,19,gini,0,1,0,0,0,1,0,0,1,1,0,0,1,0,1,1,0,1,0,1,1,1,0,0,0,0,1,0,1,1,1,1,0,1,1,1,0,0,0,1,0,1,1,0,0,1,1,1,0,0,0,0,1,0,0,0,1,0,1,0,1,0,1,0,11,adaptive,34,sqrt,2,7,kneighborsClassifier,9,2,adam,uniform,0.9893238434163701
logistic,auto,18,entropy,0,1,0,0,0,0,0,1,1,1,0,0,1,0,1,1,1,1,1,0,0,1,0,1,0,1,0,0,1,0,0,0,1,1,0,0,1,0,1,1,1,0,1,0,1,1,1,1,1,1,0,1,1,0,1,0,0,0,1,1,1,1,1,0,38,adaptive,75,log2,18,9,kneighborsClassifier,9,10,lbfgs,uniform,0.9875444839857651
relu,ball_tree,28,entropy,0,0,1,0,1,0,1,0,1,0,0,1,0,0,0,0,0,0,0,0,1,0,1,0,0,1,1,0,0,1,0,0,1,0,0,1,1,0,1,1,1,0,1,1,1,0,0,0,0,1,0,0,0,0,0,0,1,1,1,0,0,0,0,0,5,constant,38,log2,19,7,nnClassifier,5,5,sgd,uniform,0.8185053380782918
relu,ball_tree,15,gini,0,1,0,1,0,1,0,1,1,0,0,1,0,0,0,1,0,0,1,1,0,0,1,0,1,0,0,1,1,1,0,1,0,1,0,0,1,1,0,1,1,1,0,1,0,1,0,1,0,1,1,0,1,1,0,0,0,1,0,1,0,0,1,0,32,constant,36,sqrt,9,22,nnClassifier,2,9,lbfgs,distance,0.900355871886121
identity,auto,11,entropy,1,0,0,0,0,1,1,1,0,1,0,1,0,0,0,1,1,1,1,0,1,1,0,0,1,0,0,0,1,0,0,1,0,1,1,1,1,1,1,1,1,0,1,1,1,1,1,1,0,1,0,1,0,0,0,0,0,1,1,1,1,0,0,0,17,constant,91,sqrt,13,3,nnClassifier,6,5,sgd,distance,0.8238434163701067
identity,kd_tree,9,gini,1,1,1,0,1,0,1,1,1,1,1,0,0,1,0,1,0,1,1,0,1,0,0,1,0,1,1,0,0,0,0,1,1,0,1,0,1,0,1,1,1,0,1,0,1,1,0,1,0,1,0,0,1,0,1,0,1,0,1,1,0,0,0,0,39,invscaling,32,auto,15,24,randomForestClassifier,9,7,lbfgs,uniform,0.9679715302491103
relu,kd_tree,22,gini,0,1,1,1,0,1,0,1,0,0,1,0,0,1,0,0,0,1,0,1,1,1,0,1,0,1,1,0,1,1,0,0,1,1,0,1,0,0,1,0,0,0,1,1,1,0,0,1,0,1,1,0,1,0,0,1,1,0,0,0,0,0,1,1,4,adaptive,50,sqrt,2,23,randomForestClassifier,9,10,sgd,uniform,0.9786476868327402
tanh,kd_tree,22,gini,1,1,1,0,1,0,1,0,0,0,0,0,1,1,1,0,1,1,0,1,1,1,1,0,1,1,0,0,0,1,0,0,1,0,0,0,0,1,1,0,0,1,0,0,1,0,0,1,0,1,0,1,0,1,0,0,1,1,1,0,1,0,1,0,28,adaptive,85,log2,20,8,kneighborsClassifier,1,6,lbfgs,uniform,0.9786476868327402
tanh,ball_tree,8,gini,1,1,0,1,1,1,1,1,1,1,1,1,0,1,1,1,1,1,0,1,0,0,0,1,0,1,0,0,0,1,0,1,0,1,0,0,1,1,1,0,1,1,0,0,1,0,0,1,0,0,1,1,1,0,0,1,1,0,1,1,0,0,0,1,35,constant,45,auto,18,8,kneighborsClassifier,10,3,sgd,uniform,0.9750889679715302
relu,brute,12,gini,1,0,1,0,1,1,0,1,0,0,0,1,0,0,0,1,0,1,1,0,0,0,1,0,0,1,1,0,0,0,0,1,0,0,1,0,0,0,0,1,0,1,1,0,1,0,0,0,1,0,1,0,1,0,0,0,0,1,0,1,1,1,0,0,39,invscaling,98,sqrt,14,34,nnClassifier,1,8,adam,uniform,0.900355871886121
